Specimen.number	Plant.ID	Damage	area_leaf	hole_dam	margin_dam	skele_dam	surf_dam	ps_dam	ovi_dam	mine_dam	gall_dam	fungal_dam	bug_area_dam	fung_bug_comb_area_dam	fung_bug_perc_area_dam	bug_perc_area_dam
5111	Macginitiea gracilis	"2, 5"	NA	NA	NA	NA	NA	NA	NA	NA	NA	NA	NA	NA	NA	NA
5722	Apeiba improvisa	"2, 16"	NA	NA	NA	NA	NA	NA	NA	NA	NA	NA	NA	NA	NA	NA
5723	Dicot sp.WR028	"2(3), 3, 4(4), 18, 63(5)"	NA	NA	NA	NA	NA	NA	NA	NA	NA	NA	NA	NA	NA	NA
5724	Apeiba improvisa	"1(2), 12, FFB"	NA	NA	NA	NA	NA	NA	NA	NA	NA	NA	NA	NA	NA	NA
5725	Populus cinnamomoides	"16(7), F"	NA	NA	NA	NA	NA	NA	NA	NA	NA	NA	NA	NA	NA	NA
5730	Apeiba improvisa	"2, 3, 4"	15.32	0.306	NA	NA	NA	NA	NA	NA	NA	NA	0.306	NA	1.997389034	NA
5731	Apeiba improvisa	2(3)	45.513	0.034	NA	NA	NA	NA	NA	NA	NA	NA	0.034	NA	0.074703931	NA
5732	Dicot sp.WR028	"12, 110"	NA	NA	NA	NA	NA	NA	NA	NA	NA	NA	NA	NA	NA	NA
5733	Apeiba improvisa	"2(2), 12(3), 29(50)"	NA	NA	NA	NA	NA	NA	NA	NA	NA	NA	NA	NA	NA	NA
5734	Dicot sp.WR028	"4, 5, 12"	27.6	0.56	0.074	NA	NA	NA	NA	NA	NA	NA	NA	NA	NA	NA
5735	Apeiba improvisa	12	47.97	NA	1.219	NA	NA	NA	NA	NA	NA	NA	1.219	NA	2.541171566	NA
5736	Apeiba improvisa	"16(2), 30(12), 31(65)"	NA	NA	NA	NA	NA	NA	NA	NA	NA	NA	NA	NA	NA	NA
5738	Dicot sp.WR028	"2(3), 57"	21.11	0.034	NA	NA	NA	NA	NA	NA	NA	NA	NA	NA	NA	NA
5740	Dicot sp.WR028	"12, FFB"	10.6	NA	0.301	NA	NA	NA	NA	NA	NA	0.007	NA	NA	NA	NA
5741	Apeiba improvisa	"1, 2(3), 29(40), 57"	34.422	0.281	NA	NA	0.0761944	NA	NA	NA	NA	NA	0.3571944	NA	1.037692174	NA
5742	Dicot sp.WR028	16(2)	80.65	NA	NA	3.37	NA	NA	NA	NA	NA	NA	NA	NA	NA	NA
5744	Dicot sp.WR031	"2(6), 8, F"	NA	NA	NA	NA	NA	NA	NA	NA	NA	NA	NA	NA	NA	NA
5745	Dicot sp.WR028	"1, 13, FFB"	52.59	0.008	0.359	NA	NA	NA	NA	NA	NA	0.318	NA	NA	NA	NA
5746	Dicot sp.WR028	"2(3), 4(2), 12(3)"	77.51	1.341	0.671	NA	NA	NA	NA	NA	NA	NA	NA	NA	NA	NA
5747	Apeiba improvisa	"12, 13"	NA	NA	NA	NA	NA	NA	NA	NA	NA	NA	NA	NA	NA	NA
5749	Dicot sp.WR029	"13, 16(2), 29"	45.692	NA	3.066	0.221	NA	NA	NA	NA	NA	NA	NA	NA	NA	NA
5750	Dicot sp.WR028	"2(3), 16(2), F"	56.01	0.082	NA	4.531	NA	NA	NA	NA	NA	0.329	NA	NA	NA	NA
5753	Dicot sp.WR028	0	28.79	NA	NA	NA	NA	NA	NA	NA	NA	NA	NA	NA	NA	NA
5754	Dicot sp.WR027	"43, 100"	NA	NA	NA	NA	NA	NA	NA	NA	NA	NA	NA	NA	NA	NA
5756	Dicot sp.WR034	"2(6), 3(7)"	NA	NA	NA	NA	NA	NA	NA	NA	NA	NA	NA	NA	NA	NA
5757	Dicot sp.WR029	"2(5), 16, 57, 110"	NA	NA	NA	NA	NA	NA	NA	NA	NA	NA	NA	NA	NA	NA
5759	Apeiba improvisa	"12(2), 13"	25.094	NA	1.478	NA	NA	NA	NA	NA	NA	NA	NA	NA	NA	NA
5762	Apeiba improvisa	"1(3), 2(8), 8, 12(2), 14"	NA	NA	NA	NA	NA	NA	NA	NA	NA	NA	NA	NA	NA	NA
5764	Dicot sp.WR029	2	NA	NA	NA	NA	NA	NA	NA	NA	NA	NA	NA	NA	NA	NA
5765	Symplocos incondita	"29, 34, F"	12.08	NA	0.864	NA	NA	NA	NA	NA	NA	1.202	NA	NA	NA	NA
5766	Apeiba improvisa	"4, 16(3), 31(3), F"	NA	NA	NA	NA	NA	NA	NA	NA	NA	NA	NA	NA	NA	NA
5768	Dicot sp.WR033	"12(2), 29"	NA	NA	NA	NA	NA	NA	NA	NA	NA	NA	NA	NA	NA	NA
5769	Dicot sp.WR033	"14(2), 143(2)"	NA	NA	NA	NA	NA	NA	NA	NA	NA	NA	NA	NA	NA	NA
5770	Dicot sp.WR032	"2, 12(3), 14"	NA	NA	NA	NA	NA	NA	NA	NA	NA	NA	NA	NA	NA	NA
5771	Dicot sp.WR033	"12(3), 14(2)"	12.4	NA	0.662	NA	NA	NA	NA	NA	NA	NA	NA	NA	NA	NA
5773	Dicot sp.WR033	"2(3), 3, 12(3), 13"	8.19	0.043	0.059	NA	NA	NA	NA	NA	NA	NA	NA	NA	NA	NA
5775	Dicot sp.WR027	"3, F"	NA	NA	NA	NA	NA	NA	NA	NA	NA	NA	NA	NA	NA	NA
5777	Dicot sp.WR031	"3, FFB"	NA	NA	NA	NA	NA	NA	NA	NA	NA	NA	NA	NA	NA	NA
5778	Dicot sp.WR032	"12, 30(5)"	NA	NA	NA	NA	NA	NA	NA	NA	NA	NA	NA	NA	NA	NA
5780	Dicot sp.WR007	"1(2), 2, FFB"	NA	NA	NA	NA	NA	NA	NA	NA	NA	NA	NA	NA	NA	NA
5782	Juglandaceae sp.WR035	2(2)	NA	NA	NA	NA	NA	NA	NA	NA	NA	NA	NA	NA	NA	NA
5784	Dicot sp.WR028	12	15.85	NA	0.093	NA	NA	NA	NA	NA	NA	NA	NA	NA	NA	NA
5785	Dicot sp.WR027	"2(2), 3(2), FFB"	NA	NA	NA	NA	NA	NA	NA	NA	NA	NA	NA	NA	NA	NA
5786	Populus cinnamomoides	3	10.97	0.044	NA	NA	NA	NA	NA	NA	NA	NA	NA	NA	NA	NA
5788	Dicot sp.WR028	"1, 2, 12"	23.86	0.048	0.308	NA	NA	NA	NA	NA	NA	NA	NA	NA	NA	NA
5789	Dicot sp.WR029	"15, 31(60)"	NA	NA	NA	NA	NA	NA	NA	NA	NA	NA	NA	NA	NA	NA
5791	Dicot sp.WR029	"2(11), 5, 12, 14"	NA	NA	NA	NA	NA	NA	NA	NA	NA	NA	NA	NA	NA	NA
5793	Populus cinnamomoides	"1, 2(2)"	25.94	0.028	NA	NA	NA	NA	NA	NA	NA	NA	NA	NA	NA	NA
5794	Symplocos incondita	"31(2), 32(3), 34"	36.75	NA	NA	NA	NA	NA	NA	NA	0.04	NA	NA	NA	NA	NA
5795	Symplocos incondita	"34(2), 145, F"	23.4	NA	NA	NA	NA	NA	NA	NA	0.029	0.161	NA	NA	NA	NA
5798	Platanites raynoldsii	"2(2), F"	NA	NA	NA	NA	NA	NA	NA	NA	NA	NA	NA	NA	NA	NA
5800	Dicot sp.WR028	"2(3), FFB"	30.49	0.055	NA	NA	NA	NA	NA	NA	NA	0.432	NA	NA	NA	NA
5801	Dicot sp.WR007	"57, F"	NA	NA	NA	NA	NA	NA	NA	NA	NA	NA	NA	NA	NA	NA
5807	Populus cinnamomoides	"1, 3, 16, 17(4), FFB"	110.8	0.079	NA	1.023	NA	NA	NA	NA	NA	0.018	NA	NA	NA	NA
5810	Dombeya novi-mundi	FFB	17.67	NA	NA	NA	NA	NA	NA	NA	NA	0.017	NA	NA	NA	NA
5811	Symplocos incondita	"33, 34(3), FFB"	31.02	NA	NA	NA	NA	NA	NA	NA	0.398	NA	NA	NA	NA	NA
5812	Dicot sp.WR007	"3(4), 34(2), 57, FFB"	46.55	2.297	NA	NA	NA	NA	NA	NA	NA	0.48	NA	NA	NA	NA
5813	Dicot sp.WR007	30	24.94	NA	NA	NA	NA	NA	NA	NA	NA	NA	NA	NA	NA	NA
5814	Apeiba improvisa	"8, 50"	20.02	0.22	NA	NA	NA	NA	NA	NA	NA	NA	NA	NA	NA	NA
5815	Dicot sp.WR007	"2(3), 66"	NA	NA	NA	NA	NA	NA	NA	NA	NA	NA	NA	NA	NA	NA
5816	Dicot sp.WR007	"2, 12, 13"	21.73	0.027	0.891	NA	NA	NA	NA	NA	NA	NA	NA	NA	NA	NA
5817	Dicot sp.WR007	"12, 14, 32(3)"	14.48	NA	0.495	NA	NA	NA	NA	NA	0.006	NA	NA	NA	NA	NA
5818	Dicot sp.WR007	"2(3), FFB"	30.77	0.032	NA	NA	NA	NA	NA	NA	NA	0.025	NA	NA	NA	NA
5819	Dicot sp.WR007	46(2)	NA	NA	NA	NA	NA	NA	NA	NA	NA	NA	NA	NA	NA	NA
5823	Dicot sp.WR007	32	3.117	NA	NA	NA	NA	NA	NA	NA	0.004	NA	NA	NA	NA	NA
5824	Dicot sp.WR007	"2, 29"	18.75	0.012	NA	NA	0.013	NA	NA	NA	NA	NA	NA	NA	NA	NA
5826	Symplocos incondita	5	15.08	0.255	NA	NA	NA	NA	NA	NA	NA	NA	NA	NA	NA	NA
5827	Dicot sp.WR007	"2(10), 4, 12(2), 29"	38.77	0.269	0.369	NA	0.007	NA	NA	NA	NA	NA	NA	NA	NA	NA
5830	Symplocos incondita	"1(17), 2(6), 3(2)"	24.9	1.08	NA	NA	NA	NA	NA	NA	NA	NA	NA	NA	NA	NA
5831	Dicot sp.WR007	"13, 32(3), FFB"	NA	NA	NA	NA	NA	NA	NA	NA	NA	NA	NA	NA	NA	NA
5832	Dicot sp.WR007	31	33.78	NA	NA	NA	NA	NA	NA	NA	NA	NA	NA	NA	NA	NA
5833	Dicot sp.WR007	"30, 45"	25.18	0.49	NA	NA	NA	NA	NA	NA	NA	NA	NA	NA	NA	NA
5834	Dicot sp.WR007	46(3)	6.21	NA	NA	NA	NA	NA	NA	NA	NA	NA	NA	NA	NA	NA
5836	Dicot sp.WR007	"31, FFB"	NA	NA	NA	NA	NA	NA	NA	NA	NA	NA	NA	NA	NA	NA
5837	Dicot sp.WR007	"2, 12"	29.11	0.011	0.324	NA	NA	NA	NA	NA	NA	NA	NA	NA	NA	NA
5838	Dicot sp.WR007	"34, 69"	35.47	NA	NA	NA	NA	NA	NA	0.028	NA	NA	NA	NA	NA	NA
5840	Dicot sp.WR007	"2(3), FFB"	NA	NA	NA	NA	NA	NA	NA	NA	NA	NA	NA	NA	NA	NA
5841	Dicot sp.WR007	"2(3), 36(2)"	NA	NA	NA	NA	NA	NA	NA	NA	NA	NA	NA	NA	NA	NA
5851	Dicot sp.WR007	"2(7), 3(6), 8(3)"	25.58	0.079	NA	NA	NA	NA	NA	NA	NA	NA	NA	NA	NA	NA
5853	Populus cinnamomoides	"2, 3, 4, F"	NA	NA	NA	NA	NA	NA	NA	NA	NA	NA	NA	NA	NA	NA
5856	Populus cinnamomoides	"2, 12"	17.91	0.013	0.107	NA	NA	NA	NA	NA	NA	NA	NA	NA	NA	NA
5858	Apeiba improvisa	12	23.69	NA	0.075	NA	NA	NA	NA	NA	NA	NA	NA	NA	NA	NA
5859	Dicot sp.WR007	"2(2), 3, 4"	NA	NA	NA	NA	NA	NA	NA	NA	NA	NA	NA	NA	NA	NA
5861	Populus cinnamomoides	"34(2), F"	27.96	NA	NA	NA	NA	NA	NA	NA	NA	0.513	NA	NA	NA	NA
5862	Populus cinnamomoides	"2, 30"	NA	NA	NA	NA	NA	NA	NA	NA	NA	NA	NA	NA	NA	NA
5864	Dicot sp.WR007	12	NA	NA	NA	NA	NA	NA	NA	NA	NA	NA	NA	NA	NA	NA
5865	Populus cinnamomoides	"2, 57"	NA	NA	NA	NA	NA	NA	NA	NA	NA	NA	NA	NA	NA	NA
5866	Populus cinnamomoides	"1, 2(2), 3(3), 57(2), FFB"	17.893	0.503	NA	NA	NA	NA	NA	NA	NA	0.029	NA	NA	NA	NA
5868	Populus cinnamomoides	"2(3), 17"	31.66	0.065	NA	1.77	NA	NA	NA	NA	NA	NA	NA	NA	NA	NA
5869	Populus cinnamomoides	"2, 8"	78.76	0.512	NA	NA	NA	NA	NA	NA	NA	NA	NA	NA	NA	NA
5871	Platanites raynoldsii	"2, 13"	32.1	0.036	0.217	NA	NA	NA	NA	NA	NA	NA	NA	NA	NA	NA
5874	Platanites raynoldsii	2(5)	NA	NA	NA	NA	NA	NA	NA	NA	NA	NA	NA	NA	NA	NA
5875	Platanites raynoldsii	"2(2), 32(3)"	NA	NA	NA	NA	NA	NA	NA	NA	NA	NA	NA	NA	NA	NA
5876	Platanites raynoldsii	"2(2), 13, 34, F"	22.166	0.019	0.45	NA	NA	NA	NA	NA	0.011	NA	NA	NA	NA	NA
5878	Platanites raynoldsii	2	3.391	0.004	NA	NA	NA	NA	NA	NA	NA	NA	NA	NA	NA	NA
5879	Dicot sp.WR007	"2(7), FFB"	NA	NA	NA	NA	NA	NA	NA	NA	NA	NA	NA	NA	NA	NA
5881	Platanites raynoldsii	"12, F"	36.72	NA	0.467	NA	NA	NA	NA	NA	NA	NA	NA	NA	NA	NA
5882	Populus cinnamomoides	"2, FFB"	NA	NA	NA	NA	NA	NA	NA	NA	NA	NA	NA	NA	NA	NA
5883	Platanites raynoldsii	"2(3), 4(3), 12, 13, F"	42.79	0.666	3.8	NA	NA	NA	NA	NA	NA	NA	NA	NA	NA	NA
5885	Macginitiea gracilis	"1(4), 12"	122.69	0.019	0.306	NA	NA	NA	NA	NA	NA	NA	NA	NA	NA	NA
5886	Macginitiea wyomingensis	"2(2), 16"	201.4	0.091	NA	9.917	NA	NA	NA	NA	NA	NA	NA	NA	NA	NA
5887	Macginitiea gracilis	"4, 5, 16(2)"	70.64	0.627	NA	0.81	NA	NA	NA	NA	NA	NA	NA	NA	NA	NA
5889	Macginitiea gracilis	12	64.64	NA	0.125	NA	NA	NA	NA	NA	NA	NA	NA	NA	NA	NA
5945	Macginitiea wyomingensis	"1, 8(3)"	112.16	0.078	NA	NA	NA	NA	NA	NA	NA	NA	NA	NA	NA	NA
5949	Macginitiea gracilis	"2(7), 3(2)"	121.17	0.31	NA	NA	NA	NA	NA	NA	NA	NA	NA	NA	NA	NA
5950	Apeiba improvisa	3	NA	NA	NA	NA	NA	NA	NA	NA	NA	NA	NA	NA	NA	NA
5952	Dicot sp.WR007	"2(2), FFB"	11.85	0.069	NA	NA	NA	NA	NA	NA	NA	0.044	NA	NA	NA	NA
5953	Dicot sp.WR028	"13, FFB"	27.02	NA	3.54	NA	NA	NA	NA	NA	NA	0.014	NA	NA	NA	NA
5954	Dicot sp.WR029	"1(2), 2(3), 5(2)"	NA	NA	NA	NA	NA	NA	NA	NA	NA	NA	NA	NA	NA	NA
5958	Dicot sp.WR028	12	13.62	NA	0.074	NA	NA	NA	NA	NA	NA	NA	NA	NA	NA	NA
5961	Apeiba improvisa	"2, 5"	NA	NA	NA	NA	NA	NA	NA	NA	NA	NA	NA	NA	NA	NA
5962	Dicot sp.WR033	57	NA	NA	NA	NA	NA	NA	NA	NA	NA	NA	NA	NA	NA	NA
5963	Apeiba improvisa	"16, 31"	17.94	NA	NA	0.32	NA	NA	NA	NA	0.007	NA	NA	NA	NA	NA
5964	Dicot sp.WR033	"3, 5, 13"	NA	NA	NA	NA	NA	NA	NA	NA	NA	NA	NA	NA	NA	NA
5967	Apeiba improvisa	34	NA	NA	NA	NA	NA	NA	NA	NA	NA	NA	NA	NA	NA	NA
5968	Dicot sp.WR033	"3, 12"	NA	NA	NA	NA	NA	NA	NA	NA	NA	NA	NA	NA	NA	NA
5970	Dicot sp.WR028	2	33.1	0.032	NA	NA	NA	NA	NA	NA	NA	NA	NA	NA	NA	NA
5974	Dicot sp.WR028	0	51.22	NA	NA	NA	NA	NA	NA	NA	NA	NA	NA	NA	NA	NA
5975	Dicot sp.WR029	"2(3), 16(6)"	23.37	0.03	NA	0.043	NA	NA	NA	NA	NA	NA	NA	NA	NA	NA
5976	Dicot sp.WR029	2(2)	NA	NA	NA	NA	NA	NA	NA	NA	NA	NA	NA	NA	NA	NA
5980	Apeiba improvisa	"2, 12, F"	34.478	0.01	0.167	NA	NA	NA	NA	NA	NA	NA	NA	NA	NA	NA
5981	Dicot sp.WR032	"2, 3(3), 5(2), 57(2)"	NA	NA	NA	NA	NA	NA	NA	NA	NA	NA	NA	NA	NA	NA
5982	Dicot sp.WR028	"2(2), 12, 29, 57, FFB"	NA	NA	NA	NA	NA	NA	NA	NA	NA	NA	NA	NA	NA	NA
5984	Dicot sp.WR033	"12, 143"	NA	NA	NA	NA	NA	NA	NA	NA	NA	NA	NA	NA	NA	NA
5985	Dicot sp.WR034	"30, 32(3)"	NA	NA	NA	NA	NA	NA	NA	NA	NA	NA	NA	NA	NA	NA
5987	Dicot sp.WR033	"3(2), FFB"	NA	NA	NA	NA	NA	NA	NA	NA	NA	NA	NA	NA	NA	NA
5992	Dombeya novi-mundi	"2(5), 3, 17"	NA	NA	NA	NA	NA	NA	NA	NA	NA	NA	NA	NA	NA	NA
5993	Dombeya novi-mundi	"2(24), 5(2), 12, 57"	99.9	0.581	1.82	NA	NA	NA	NA	NA	NA	NA	NA	NA	NA	NA
6320	Macginitiea gracilis	17	NA	NA	NA	NA	NA	NA	NA	NA	NA	NA	NA	NA	NA	NA
6322	Macginitiea gracilis	29	39.4	NA	NA	NA	NA	NA	NA	NA	NA	NA	NA	NA	NA	NA
6323	Macginitiea gracilis	"2(4), 3, 12, 17, 50, FFB"	61.73	0.073	NA	4.08	NA	NA	NA	NA	NA	0.147	NA	NA	NA	NA
6324	Macginitiea gracilis	"1(7), 2(2), 4, 8"	NA	NA	NA	NA	NA	NA	NA	NA	NA	NA	NA	NA	NA	NA
7029	Dicot sp.WR031	"3, FFB"	NA	NA	NA	NA	NA	NA	NA	NA	NA	NA	NA	NA	NA	NA
7032	Symplocos incondita	"2(2), 12, 17, F"	34.23	0.25	0.084	1.71	NA	NA	NA	NA	NA	NA	NA	NA	NA	NA
7033	Populus cinnamomoides	2(2)	NA	NA	NA	NA	NA	NA	NA	NA	NA	NA	NA	NA	NA	NA
7033	Populus cinnamomoides	"1, 2, FFB"	NA	NA	NA	NA	NA	NA	NA	NA	NA	NA	NA	NA	NA	NA
7034	Populus cinnamomoides	"34(2), F"	5	NA	NA	NA	NA	NA	NA	NA	0.097	0.029	NA	NA	NA	NA
7036.2	Platanites raynoldsii	"32(2), FFB"	NA	NA	NA	NA	NA	NA	NA	NA	NA	NA	NA	NA	NA	NA
7037	Platanites raynoldsii	"2(3), 9"	37.62	0.025	NA	NA	NA	NA	NA	NA	NA	NA	NA	NA	NA	NA
7038	Populus cinnamomoides	"2(2), 50(4), F"	NA	NA	NA	NA	NA	NA	NA	NA	NA	NA	NA	NA	NA	NA
7039	Macginitiea gracilis	"2(7), 5 (3), FFB"	NA	NA	NA	NA	NA	NA	NA	NA	NA	NA	NA	NA	NA	NA
7040	Dicot sp.WR007	32(5)	23.54	0.24	NA	NA	NA	NA	NA	NA	NA	NA	NA	NA	NA	NA
7041	Juglandaceae sp.WR035	"5, 12(3), 40, 63"	NA	NA	NA	NA	NA	NA	NA	NA	NA	NA	NA	NA	NA	NA
7045	Platanites raynoldsii	13	NA	NA	NA	NA	NA	NA	NA	NA	NA	NA	NA	NA	NA	NA
7049	Dicot sp.WR031	"8(2), 10(4), F"	NA	NA	NA	NA	NA	NA	NA	NA	NA	NA	NA	NA	NA	NA
7051	Apeiba improvisa	"2(2), F"	45.55	0.054	NA	NA	NA	NA	NA	NA	NA	5.173	NA	NA	NA	NA
7914	Apeiba improvisa	"2, 12, 13, 14"	81.6	0.005	16.96	NA	NA	NA	NA	NA	NA	NA	NA	NA	NA	NA
7915	Dicot sp.WR029	"2(2), 12, 31(50), 57"	NA	NA	NA	NA	NA	NA	NA	NA	NA	NA	NA	NA	NA	NA
7916	Dicot sp.WR029	"2, 12, F"	NA	NA	NA	NA	NA	NA	NA	NA	NA	NA	NA	NA	NA	NA
7917	Dicot sp.WR029	FB	47.61	NA	NA	NA	NA	NA	NA	NA	NA	2.53	NA	NA	NA	NA
7918	Dicot sp.WR028	"12, FFB"	NA	NA	NA	NA	NA	NA	NA	NA	NA	NA	NA	NA	NA	NA
7920	Apeiba improvisa	"3, 5, 57"	NA	NA	NA	NA	NA	NA	NA	NA	NA	NA	NA	NA	NA	NA
7921	Dicot sp.WR028	"2(2), 64"	40.1	0.209	NA	NA	NA	NA	NA	NA	NA	NA	NA	NA	NA	NA
7925	Apeiba improvisa	"1(2), 2(3), 5(2)"	59.4	0.41	NA	NA	NA	NA	NA	NA	NA	NA	NA	NA	NA	NA
7926	Dicot sp.WR029	"12(3), 31(20)"	NA	NA	NA	NA	NA	NA	NA	NA	NA	NA	NA	NA	NA	NA
7927	Apeiba improvisa	"2(3), 12"	NA	NA	NA	NA	NA	NA	NA	NA	NA	NA	NA	NA	NA	NA
7928	Dicot sp.WR029	"2, 12(2)"	NA	NA	NA	NA	NA	NA	NA	NA	NA	NA	NA	NA	NA	NA
7929	Dicot sp.WR007	"57, F"	46.72	0.101	NA	NA	NA	NA	NA	NA	NA	2.61	NA	NA	NA	NA
7930	Dicot sp.WR029	"3, FFB"	NA	NA	NA	NA	NA	NA	NA	NA	NA	NA	NA	NA	NA	NA
7934	Dombeya novi-mundi	"2, 34, 57, 83(4)"	NA	NA	NA	NA	NA	NA	NA	NA	NA	NA	NA	NA	NA	NA
7934	Dombeya novi-mundi	"32(3), F"	NA	NA	NA	NA	NA	NA	NA	NA	NA	NA	NA	NA	NA	NA
7937.1	Macginitiea gracilis	"1(2), 2(3), 5, 17"	NA	NA	NA	NA	NA	NA	NA	NA	NA	NA	NA	NA	NA	NA
7939	Dicot sp.WR029	"34, F"	54.02	NA	NA	NA	NA	NA	NA	NA	0.011	NA	NA	NA	NA	NA
7943	Dicot sp.WR028	"1(4), 3(2), 12"	NA	NA	NA	NA	NA	NA	NA	NA	NA	NA	NA	NA	NA	NA
7944	Dicot sp.WR033	12(2)	NA	NA	NA	NA	NA	NA	NA	NA	NA	NA	NA	NA	NA	NA
7946	Dicot sp.WR033	"12(2), 29, 143(2)"	NA	NA	NA	NA	NA	NA	NA	NA	NA	NA	NA	NA	NA	NA
7948	Symplocos incondita	"2(5), 13"	20.3	0.05	0.585	NA	NA	NA	NA	NA	NA	NA	NA	NA	NA	NA
7949	Symplocos incondita	"83, 126"	12.51	NA	NA	NA	NA	NA	NA	NA	NA	NA	NA	NA	NA	NA
7955	Symplocos incondita	"12, 14"	NA	NA	NA	NA	NA	NA	NA	NA	NA	NA	NA	NA	NA	NA
7955	Symplocos incondita	13	NA	NA	NA	NA	NA	NA	NA	NA	NA	NA	NA	NA	NA	NA
7956	Symplocos incondita	16	10.99	NA	NA	0.059	NA	NA	NA	NA	NA	NA	NA	NA	NA	NA
7959	Dicot sp.WR033	12(2)	NA	NA	NA	NA	NA	NA	NA	NA	NA	NA	NA	NA	NA	NA
7960	Symplocos incondita	12(2)	17.69	NA	0.69	NA	NA	NA	NA	NA	NA	NA	NA	NA	NA	NA
7961	Dicot sp.WR028	"2, 5, 16"	60.98	0.302	NA	0.613	NA	NA	NA	NA	NA	NA	NA	NA	NA	NA
7964	Dicot sp.WR028	"31(3), F"	37.16	NA	NA	NA	0.072	NA	NA	NA	NA	6.153	NA	NA	NA	NA
7965	Dicot sp.WR028	"2(20), 12"	36.43	0.087	0.863	NA	NA	NA	NA	NA	NA	NA	NA	NA	NA	NA
7967	Dicot sp.WR028	"8, 12, 31(7)"	30.99	0.058	0.053	NA	NA	NA	NA	NA	NA	NA	NA	NA	NA	NA
7968	Dicot sp.WR028	"F, FFB"	30.69	NA	NA	NA	NA	NA	NA	NA	NA	1.377	NA	NA	NA	NA
7970	Dicot sp.WR028	"4(2), 13"	30.79	0.559	0.612	NA	NA	NA	NA	NA	NA	NA	NA	NA	NA	NA
7971	Dicot sp.WR033	"2(2), 12(2), 15"	NA	NA	NA	NA	NA	NA	NA	NA	NA	NA	NA	NA	NA	NA
7973	Dicot sp.WR028	12	25.456	NA	0.019	NA	NA	NA	NA	NA	NA	NA	NA	NA	NA	NA
7974	Populus cinnamomoides	35	24.02	NA	NA	NA	NA	NA	NA	0.009	NA	NA	NA	NA	NA	NA
7976	Dicot sp.WR028	2	80.97	0.096	NA	NA	NA	NA	NA	NA	NA	NA	NA	NA	NA	NA
7979	Dicot sp.WR029	"2, 12(3), 31(25), F"	28.63	0.009	0.582	NA	NA	NA	NA	NA	0.2	0.202	NA	NA	NA	NA
7980.1	Dicot sp.WR028	"1(2), FFB"	NA	NA	NA	NA	NA	NA	NA	NA	NA	NA	NA	NA	NA	NA
7981	Dicot sp.WR028	31	34.78	NA	NA	NA	NA	NA	NA	NA	0.053	NA	NA	NA	NA	NA
7982	Dicot sp.WR028	2(2)	37.92	0.099	NA	NA	NA	NA	NA	NA	NA	NA	NA	NA	NA	NA
7983	Dicot sp.WR028	"2(3), 3, 4"	48.09	0.577	NA	NA	NA	NA	NA	NA	NA	NA	NA	NA	NA	NA
7985	Dicot sp.WR028	"31(4), FFB"	45.2	NA	NA	NA	NA	NA	NA	NA	0.095	0.247	NA	NA	NA	NA
7988	Dicot sp.WR028	2(3)	33.23	0.06	NA	NA	NA	NA	NA	NA	NA	NA	NA	NA	NA	NA
7989	Dicot sp.WR028	"2(2), 12, F"	56.26	0.048	0.085	NA	NA	NA	NA	NA	NA	4.406	NA	NA	NA	NA
7991	Symplocos incondita	"12(2), 29, 32(2), FFB"	13.33	NA	0.495	NA	NA	NA	NA	NA	0.065	0.044	NA	NA	NA	NA
7992	Symplocos incondita	"32(11), 34(2)"	13.17	NA	NA	NA	NA	NA	NA	NA	0.141	NA	NA	NA	NA	NA
7993	Symplocos incondita	"32(2), 34(2), F"	22.06	NA	NA	NA	NA	NA	NA	NA	NA	3.588	NA	NA	NA	NA
7997	Dicot sp.WR028	"2(2), 16"	86.86	0.288	NA	14.15	NA	NA	NA	NA	NA	NA	NA	NA	NA	NA
7999	Dicot sp.WR028	12	19.16	NA	0.165	NA	NA	NA	NA	NA	NA	NA	NA	NA	NA	NA
8012	Populus cinnamomoides	"2, 8(2)"	42.13	0.095	NA	NA	NA	NA	NA	NA	NA	NA	NA	NA	NA	NA
8013	Dicot sp.WR007	12	NA	NA	NA	NA	NA	NA	NA	NA	NA	NA	NA	NA	NA	NA
8033	Dicot sp.WR007	"F, FFB"	18.16	0.022	NA	NA	NA	NA	NA	NA	NA	0.069	NA	NA	NA	NA
8034	Dicot sp.WR007	"2(2), 12, FFB"	9.54	0.039	0.207	NA	NA	NA	NA	NA	NA	NA	NA	NA	NA	NA
8035	Symplocos incondita	"34, F"	13.99	NA	NA	NA	NA	NA	NA	NA	0.006	2.53	NA	NA	NA	NA
8036	Symplocos incondita	"2, 34(3)"	21.98	NA	0.383	NA	NA	NA	NA	NA	NA	0.398	NA	NA	NA	NA
8038	Symplocos incondita	"1, 12, F"	17.37	0.008	0.564	NA	NA	NA	NA	NA	NA	0.877	NA	NA	NA	NA
8039	Dicot sp.WR033	"31, F"	NA	NA	NA	NA	NA	NA	NA	NA	NA	NA	NA	NA	NA	NA
8040	Symplocos incondita	"3, 46(3), F"	16.25	0.091	NA	NA	1.813	NA	NA	NA	NA	NA	NA	NA	NA	NA
8042	Dicot sp.WR033	12	NA	NA	NA	NA	NA	NA	NA	NA	NA	NA	NA	NA	NA	NA
8043	Dicot sp.WR007	"2(2), 12"	16.39	0.031	0.192	NA	NA	NA	NA	NA	NA	NA	NA	NA	NA	NA
8044	Macginitiea wyomingensis	1	NA	NA	NA	NA	NA	NA	NA	NA	NA	NA	NA	NA	NA	NA
8047	Apeiba improvisa	3	9.8	0.021	NA	NA	NA	NA	NA	NA	NA	NA	NA	NA	NA	NA
8049	Dicot sp.WR007	2(3)	13.06	0.06	NA	NA	NA	NA	NA	NA	NA	NA	NA	NA	NA	NA
8050	Dicot sp.WR028	110	63.498	NA	NA	NA	NA	NA	NA	NA	0.187	NA	NA	NA	NA	NA
8051	Dicot sp.WR007	1	27.41	0.004	NA	NA	NA	NA	NA	NA	NA	NA	NA	NA	NA	NA
8053	Dicot sp.WR007	"30(4), FFB"	NA	NA	NA	NA	NA	NA	NA	NA	NA	NA	NA	NA	NA	NA
8054	Dicot sp.WR007	"8, 12(2), 57"	8.99	0.042	0.195	NA	NA	NA	NA	NA	NA	NA	NA	NA	NA	NA
8055	Dicot sp.WR007	"34(2), 43"	22.21	NA	NA	NA	NA	NA	NA	0.818	NA	0.037	NA	NA	NA	NA
8056	Dicot sp.WR007	"2, 13"	NA	NA	NA	NA	NA	NA	NA	NA	NA	NA	NA	NA	NA	NA
8057	Macginitiea gracilis	"1(11),3,  5(5), 12, 15(3), 16"	NA	NA	NA	NA	NA	NA	NA	NA	NA	NA	NA	NA	NA	NA
8058	Macginitiea gracilis	"2(3), 29(2)"	21.05	0.027	NA	NA	NA	NA	NA	NA	NA	NA	NA	NA	NA	NA
8059	Macginitiea gracilis	29(2)	68.22	NA	NA	NA	0.06	NA	NA	NA	NA	NA	NA	NA	NA	NA
8061	Macginitiea gracilis	"1(22), 2(10), 3(4), 5"	NA	NA	NA	NA	NA	NA	NA	NA	NA	NA	NA	NA	NA	NA
8062	Dombeya novi-mundi	"5(2), 14, 63"	78.41	4.716	5.532	NA	NA	NA	NA	NA	NA	NA	NA	NA	NA	NA
8064	Dicot sp.WR007	"4, F, FFB"	50.02	0.309	NA	NA	NA	NA	NA	NA	NA	2.048	NA	NA	NA	NA
8066	Dicot sp.WR007	"2, 30(4)"	23.23	0.01	NA	NA	0.384	NA	NA	NA	NA	NA	NA	NA	NA	NA
8072	Populus cinnamomoides	12	NA	NA	NA	NA	NA	NA	NA	NA	NA	NA	NA	NA	NA	NA
8074	Populus cinnamomoides	29	8.8	NA	NA	NA	0.015	NA	NA	NA	NA	NA	NA	NA	NA	NA
8080	Dicot sp.WR007	"30(2), 34(2)"	16.61	NA	NA	NA	0.918	NA	NA	NA	0.061	NA	NA	NA	NA	NA
8084	Dicot sp.WR028	"5, F"	NA	NA	NA	NA	NA	NA	NA	NA	NA	NA	NA	NA	NA	NA
8090	Symplocos incondita	"29, FFB"	8.067	NA	NA	NA	0.051	NA	NA	NA	NA	1.257	NA	NA	NA	NA
8091	Symplocos incondita	"3, 12(2), 57"	37.12	1.217	0.137	NA	NA	NA	NA	NA	NA	NA	NA	NA	NA	NA
8092	Symplocos incondita	"2(8), 3"	NA	NA	NA	NA	NA	NA	NA	NA	NA	NA	NA	NA	NA	NA
8093	Symplocos incondita	31(3)	11.85	NA	NA	NA	0.069	NA	NA	NA	NA	NA	NA	NA	NA	NA
8102	Symplocos incondita	30(2)	8.926	NA	NA	0.051	NA	NA	NA	NA	NA	NA	NA	NA	NA	NA
8106	Dicot sp.WR007	"1, 2(3)"	NA	NA	NA	NA	NA	NA	NA	NA	NA	NA	NA	NA	NA	NA
8107	Dicot sp.WR028	0	NA	NA	NA	NA	NA	NA	NA	NA	NA	NA	NA	NA	NA	NA
8108	Dicot sp.WR007	"30(4), FFB"	NA	NA	NA	NA	NA	NA	NA	NA	NA	NA	NA	NA	NA	NA
8109	Dicot sp.WR027	"12, 13, 30, 83"	NA	NA	NA	NA	NA	NA	NA	NA	NA	NA	NA	NA	NA	NA
8110	Dicot sp.WR028	2	92.59	0.025	NA	NA	NA	NA	NA	NA	NA	NA	NA	NA	NA	NA
8111	Dicot sp.WR007	2(3)	8.52	0.074	NA	NA	NA	NA	NA	NA	NA	NA	NA	NA	NA	NA
8112	Dicot sp.WR033	"2(2), 12"	NA	NA	NA	NA	NA	NA	NA	NA	NA	NA	NA	NA	NA	NA
8113	Dicot sp.WR007	"110, F"	NA	NA	NA	NA	NA	NA	NA	NA	NA	NA	NA	NA	NA	NA
8114	Symplocos incondita	"1(2), 2(5), 4(5), 34(7)"	38.98	1.029	NA	NA	NA	NA	NA	NA	0.209	NA	NA	NA	NA	NA
8115	Dicot sp.WR031	"12, 32(4)"	NA	NA	NA	NA	NA	NA	NA	NA	NA	NA	NA	NA	NA	NA
8116	Symplocos incondita	"1, 12, 30, FFB"	NA	NA	NA	NA	NA	NA	NA	NA	NA	NA	NA	NA	NA	NA
8117	Dicot sp.WR028	12	NA	NA	NA	NA	NA	NA	NA	NA	NA	NA	NA	NA	NA	NA
8120	Dicot sp.WR028	"2(2), 31(21)"	90.69	0.102	NA	NA	NA	NA	NA	NA	0.072	NA	NA	NA	NA	NA
8121	Dicot sp.WR007	"13, 32(6)"	31.08	NA	0.344	NA	NA	NA	NA	NA	0.085	NA	NA	NA	NA	NA
8127	Dicot sp.WR029	"3, 32(2), F"	40.18	0.061	NA	NA	NA	NA	NA	NA	0.155	0.401	NA	NA	NA	NA
8130	Macginitiea gracilis	"2(2), 12"	NA	NA	NA	NA	NA	NA	NA	NA	NA	NA	NA	NA	NA	NA
8131	Dicot sp.WR007	2(7)	24.95	0.137	NA	NA	NA	NA	NA	NA	NA	NA	NA	NA	NA	NA
8132.2	Dombeya novi-mundi	"3(2), FFB"	NA	NA	NA	NA	NA	NA	NA	NA	NA	NA	NA	NA	NA	NA
8133	Dombeya novi-mundi	"2(3), 5(2), 12(2), 14"	156.44	2.99	4.82	NA	NA	NA	NA	NA	NA	NA	NA	NA	NA	NA
8136	Symplocos incondita	"2, FFB"	NA	NA	NA	NA	NA	NA	NA	NA	NA	NA	NA	NA	NA	NA
8137	Populus cinnamomoides	"1, 2"	59.65	0.178	NA	NA	NA	NA	NA	NA	NA	NA	NA	NA	NA	NA
8138	Dicot sp.WR033	12(4)	NA	NA	NA	NA	NA	NA	NA	NA	NA	NA	NA	NA	NA	NA
8141	Dicot sp.WR033	2	NA	NA	NA	NA	NA	NA	NA	NA	NA	NA	NA	NA	NA	NA
8143	Dicot sp.WR007	12(2)	24.06	NA	1.15	NA	NA	NA	NA	NA	NA	NA	NA	NA	NA	NA
8144	Dicot sp.WR007	"4(2), 12(2)"	NA	NA	NA	NA	NA	NA	NA	NA	NA	NA	NA	NA	NA	NA
8146	Dicot sp.WR007	30	12.07	NA	NA	NA	0.03	NA	NA	NA	NA	NA	NA	NA	NA	NA
8147	Dicot sp.WR007	"12(2), 31, FFB"	26.43	NA	1.52	NA	NA	NA	NA	NA	NA	0.06	NA	NA	NA	NA
8152	Macginitiea wyomingensis	"2(2), F"	NA	NA	NA	NA	NA	NA	NA	NA	NA	NA	NA	NA	NA	NA
8155	Dicot sp.WR007	"12, 34, 48(6), F"	NA	NA	NA	NA	NA	NA	NA	NA	NA	NA	NA	NA	NA	NA
8158	Dicot sp.WR034	"12, F"	15.85	0.123	NA	NA	NA	NA	NA	NA	NA	NA	NA	NA	NA	NA
8159	Dicot sp.WR028	"2(3), 12, 30(10)"	NA	NA	NA	NA	NA	NA	NA	NA	NA	NA	NA	NA	NA	NA
8162	Symplocos incondita	"12(2), 13"	NA	NA	NA	NA	NA	NA	NA	NA	NA	NA	NA	NA	NA	NA
8165	Dombeya novi-mundi	"2(9), 5(3), 12(3), 13, 14, 15"	160.12	2.51	4.718	NA	NA	NA	NA	NA	NA	NA	NA	NA	NA	NA
8166	Dicot sp.WR007	"12, 31(2), F"	32.56	0.177	NA	NA	NA	NA	NA	NA	NA	0.8	NA	NA	NA	NA
8169	Dicot sp.WR007	"1, 2(8), F"	19.17	0.149	NA	NA	NA	NA	NA	NA	NA	0.106	NA	NA	NA	NA
8170	Dicot sp.WR007	"2(2), 7, 14"	27.91	0.38	3.08	NA	NA	NA	NA	NA	NA	NA	NA	NA	NA	NA
8173	Dicot sp.WR007	"3(4), 5(2), 12"	29.39	0.316	0.036	NA	NA	NA	NA	NA	NA	NA	NA	NA	NA	NA
8177	Populus cinnamomoides	4(2)	26.56	0.312	NA	NA	NA	NA	NA	NA	NA	NA	NA	NA	NA	NA
8180	Dicot sp.WR007	"2(6), 3(2), 12, 29, FFB"	45.64	0.213	0.642	NA	0.131	NA	NA	NA	NA	0.03	NA	NA	NA	NA
8181	Dicot sp.WR007	"65, FFB"	NA	NA	NA	NA	NA	NA	NA	NA	NA	NA	NA	NA	NA	NA
8182	Dicot sp.WR007	31(3)	NA	NA	NA	NA	NA	NA	NA	NA	NA	NA	NA	NA	NA	NA
8184	Dicot sp.WR007	"2, 30"	15.73	0.011	NA	NA	0.285	NA	NA	NA	NA	NA	NA	NA	NA	NA
8187	Dicot sp.WR007	12	10.49	NA	0.177	NA	NA	NA	NA	NA	NA	NA	NA	NA	NA	NA
8188	Apeiba improvisa	31(2)	13.13	NA	NA	NA	0.011	NA	NA	NA	NA	NA	NA	NA	NA	NA
8191	Apeiba improvisa	"1, F"	31.99	0.031	NA	NA	NA	NA	NA	NA	NA	0.157	NA	NA	NA	NA
8193	Dicot sp.WR033	"13, FFB"	NA	NA	NA	NA	NA	NA	NA	NA	NA	NA	NA	NA	NA	NA
8195	Dicot sp.WR007	"31(4), 145,  FFB"	NA	NA	NA	NA	NA	NA	NA	NA	NA	NA	NA	NA	NA	NA
8196	Dicot sp.WR028	110	15.5	NA	NA	NA	NA	NA	NA	NA	0.079	NA	NA	NA	NA	NA
8198	Apeiba improvisa	"2(7), 12(2), F"	30.42	0.398	0.302	NA	NA	NA	NA	NA	NA	1.57	NA	NA	NA	NA
8199	Dicot sp.WR007	12(2)	16.81	NA	0.058	NA	NA	NA	NA	NA	NA	NA	NA	NA	NA	NA
8204	Populus cinnamomoides	"34(12), F"	27.73	NA	NA	NA	NA	NA	NA	NA	0.276	0.271	NA	NA	NA	NA
8310	Dicot sp.WR028	"13, 31(4), F"	30.04	NA	3.36	NA	NA	NA	NA	NA	0.077	0.186	NA	NA	NA	NA
8312	Juglandaceae sp.WR035	3	NA	NA	NA	NA	NA	NA	NA	NA	NA	NA	NA	NA	NA	NA
8316	Dicot sp.WR007	"2(3), 3(17)"	NA	NA	NA	NA	NA	NA	NA	NA	NA	NA	NA	NA	NA	NA
8318	Juglandaceae sp.WR035	2(2)	NA	NA	NA	NA	NA	NA	NA	NA	NA	NA	NA	NA	NA	NA
8323	Dicot sp.WR033	"2, 12, 16(2), 34(5)"	NA	NA	NA	NA	NA	NA	NA	NA	NA	NA	NA	NA	NA	NA
8324	Apeiba improvisa	"2, 12(2)"	7.14	0.058	0.113	NA	NA	NA	NA	NA	NA	NA	NA	NA	NA	NA
8328	Apeiba improvisa	"5, FFB"	NA	NA	NA	NA	NA	NA	NA	NA	NA	NA	NA	NA	NA	NA
8330	Dicot sp.WR007	13	6.301	NA	0.025	NA	NA	NA	NA	NA	NA	NA	NA	NA	NA	NA
8333	Apeiba improvisa	"1(6), 3, 10, 32(6), 100"	27.2	0.051	0.411	NA	NA	NA	0.155	0.057	0.025	NA	NA	NA	NA	NA
8334	Apeiba improvisa	"145, F"	39.95	NA	NA	NA	NA	NA	NA	NA	0.033	4.41	NA	NA	NA	NA
8337	Symplocos incondita	"5, FFB"	17.23	1.14	NA	NA	NA	NA	NA	NA	NA	1.69	NA	NA	NA	NA
8339	Symplocos incondita	13	16.11	NA	0.852	NA	NA	NA	NA	NA	NA	NA	NA	NA	NA	NA
8342	Dicot sp.WR033	"2, FFB"	NA	NA	NA	NA	NA	NA	NA	NA	NA	NA	NA	NA	NA	NA
8344	Dombeya novi-mundi	65	57.4	NA	NA	NA	NA	NA	NA	2.11	NA	NA	NA	NA	NA	NA
8345	Dicot sp.WR007	31	32.54	NA	NA	NA	0.594	NA	NA	NA	NA	NA	NA	NA	NA	NA
8348	Symplocos incondita	"2, 34(6), F"	NA	NA	NA	NA	NA	NA	NA	NA	NA	NA	NA	NA	NA	NA
8350	Apeiba improvisa	"2, 12(3), 13, 34(3), F"	52.4	0.024	1.74	NA	NA	NA	NA	NA	0.059	NA	NA	NA	NA	NA
8351	Dicot sp.WR029	"4(2), 16"	NA	NA	NA	NA	NA	NA	NA	NA	NA	NA	NA	NA	NA	NA
8353	Apeiba improvisa	"2(2), 122(2)"	33.36	0.047	NA	NA	NA	NA	NA	NA	0.08	NA	NA	NA	NA	NA
8355	Dombeya novi-mundi	"2, 3, 12"	NA	NA	NA	NA	NA	NA	NA	NA	NA	NA	NA	NA	NA	NA
8356	Dicot sp.WR030	"2(3), 3"	NA	NA	NA	NA	NA	NA	NA	NA	NA	NA	NA	NA	NA	NA
8358	Symplocos incondita	"2, 14"	NA	NA	NA	NA	NA	NA	NA	NA	NA	NA	NA	NA	NA	NA
8360	Symplocos incondita	"2, 34, FFB"	8.95	0.008	NA	NA	NA	NA	NA	NA	0.003	0.528	NA	NA	NA	NA
8366	Dicot sp.WR007	"12(2), 63"	6.66	0.052	0.019	NA	NA	NA	NA	NA	NA	NA	NA	NA	NA	NA
8369	Dicot sp.WR007	"4, 31, FFB"	35.04	0.152	NA	NA	NA	NA	NA	NA	NA	NA	NA	NA	NA	NA
8370	Dicot sp.WR007	"3(2), 12"	9.713	0.062	0.023	NA	NA	NA	NA	NA	NA	NA	NA	NA	NA	NA
8371	Symplocos incondita	"1(4), 2, 3(2), F"	6.28	0.049	NA	NA	NA	NA	NA	NA	NA	0.395	NA	NA	NA	NA
8373	Dicot sp.WR007	"28, FFB"	15.21	NA	NA	NA	0.958	NA	NA	NA	NA	0.015	NA	NA	NA	NA
8374	Dicot sp.WR007	"2(2), 5, 14"	26.84	0.57	2.99	NA	NA	NA	NA	NA	NA	NA	NA	NA	NA	NA
8376	Dicot sp.WR007	"12, FFB"	21.42	NA	0.172	NA	NA	NA	NA	NA	NA	0.059	NA	NA	NA	NA
8377	Symplocos incondita	"1(3), 3(7), 5(2), 12(4), 83, 110, FFB"	33.4	1.26	0.213	NA	NA	NA	NA	NA	0.388	0.213	NA	NA	NA	NA
8378	Dicot sp.WR007	"2(5), 5, 8, 13"	17.4	0.424	0.915	NA	NA	NA	NA	NA	NA	NA	NA	NA	NA	NA
8380	Dicot sp.WR007	"2, FFB"	22.89	0.091	NA	NA	NA	NA	NA	NA	NA	0.212	NA	NA	NA	NA
8386	Dicot sp.WR007	"12, FFB"	15.974	NA	0.142	NA	NA	NA	NA	NA	NA	0.0391	NA	NA	NA	NA
8387	Macginitiea gracilis	2(110)	68.78	NA	NA	NA	NA	NA	NA	NA	0.987	NA	NA	NA	NA	NA
8600	Apeiba improvisa	"2(3), FFB"	17.306	0.21	NA	NA	NA	NA	NA	NA	NA	0.128	NA	NA	NA	NA
8602	Populus cinnamomoides	"32(6), FFB"	49.42	NA	NA	NA	NA	NA	NA	NA	0.127	1.168	NA	NA	NA	NA
8603	Populus cinnamomoides	"2(3), 29(3)"	50.82	0.103	NA	NA	0.074	NA	NA	NA	NA	NA	NA	NA	NA	NA
8604	Populus cinnamomoides	"29, FFB"	31.06	NA	NA	NA	0.471	NA	NA	NA	NA	3.48	NA	NA	NA	NA
8605	Populus cinnamomoides	2(3)	21.7	0.029	NA	NA	NA	NA	NA	NA	NA	NA	NA	NA	NA	NA
8606	Macginitiea gracilis	2(2)	NA	NA	NA	NA	NA	NA	NA	NA	NA	NA	NA	NA	NA	NA
8607	Macginitiea gracilis	"1(7), 2(5)"	NA	NA	NA	NA	NA	NA	NA	NA	NA	NA	NA	NA	NA	NA
8608	Dicot sp.WR033	"12, 29(2)"	NA	NA	NA	NA	NA	NA	NA	NA	NA	NA	NA	NA	NA	NA
8609	Dicot sp.WR033	3	NA	NA	NA	NA	NA	NA	NA	NA	NA	NA	NA	NA	NA	NA
8610	Symplocos incondita	"2, 12, 34(2), F, FFB"	26.83	0.027	0.234	NA	NA	NA	NA	NA	0.014	0.192	NA	NA	NA	NA
8612	Dicot sp.WR029	12	NA	NA	NA	NA	NA	NA	NA	NA	NA	NA	NA	NA	NA	NA
8613	Symplocos incondita	2	4.71	0.007	NA	NA	NA	NA	NA	NA	NA	NA	NA	NA	NA	NA
8616	Dicot sp.WR007	"12, 32(7), FFB"	25.57	NA	0.141	NA	NA	NA	NA	NA	0.031	0.067	NA	NA	NA	NA
8617	Dicot sp.WR028	30	NA	NA	NA	NA	NA	NA	NA	NA	NA	NA	NA	NA	NA	NA
8618	Dicot sp.WR028	"2(4), 4, 12, FFB"	NA	NA	NA	NA	NA	NA	NA	NA	NA	NA	NA	NA	NA	NA
8619	Dicot sp.WR007	"2(2), 63, FFB"	NA	NA	NA	NA	NA	NA	NA	NA	NA	NA	NA	NA	NA	NA
8621	Dicot sp.WR007	36	8.58	NA	NA	NA	NA	NA	NA	0.171	NA	NA	NA	NA	NA	NA
8622	Dicot sp.WR007	FFB	9.61	NA	NA	NA	NA	NA	NA	NA	NA	0.449	NA	NA	NA	NA
8623	Dicot sp.WR007	"2, 36"	21.97	0.04	NA	NA	NA	NA	NA	NA	NA	NA	NA	NA	NA	NA
8624	Dicot sp.WR007	14	NA	NA	NA	NA	NA	NA	NA	NA	NA	NA	NA	NA	NA	NA
8625	Dicot sp.WR007	"2(2), 12(4), 46(3)"	13.48	0.136	0.215	NA	NA	NA	NA	NA	NA	NA	NA	NA	NA	NA
8627	Dicot sp.WR007	"2(11), 4, 12(3)"	14.61	0.325	0.524	NA	NA	NA	NA	NA	NA	NA	NA	NA	NA	NA
8631	Dicot sp.WR007	"31, 100"	11.62	NA	NA	NA	0.038	NA	0.16	NA	NA	NA	NA	NA	NA	NA
8632	Dicot sp.WR007	"2(5), 12, 63"	NA	NA	NA	NA	NA	NA	NA	NA	NA	NA	NA	NA	NA	NA
8633	Dicot sp.WR007	"2(2), 12"	15.72	0.231	0.497	NA	NA	NA	NA	NA	NA	NA	NA	NA	NA	NA
8637	Dicot sp.WR032	"12, 14, FFB"	NA	NA	NA	NA	NA	NA	NA	NA	NA	NA	NA	NA	NA	NA
8640	Macginitiea wyomingensis	"2, 15, 29(2)"	NA	NA	NA	NA	NA	NA	NA	NA	NA	NA	NA	NA	NA	NA
8643	Dicot sp.WR029	2(2)	NA	NA	NA	NA	NA	NA	NA	NA	NA	NA	NA	NA	NA	NA
8648	Symplocos incondita	"1(2), F"	22.87	0.028	NA	NA	NA	NA	NA	NA	NA	0.625	NA	NA	NA	NA
8797	Dombeya novi-mundi	"2(6), 12, 14, F"	NA	NA	NA	NA	NA	NA	NA	NA	NA	NA	NA	NA	NA	NA
8818	Platanites raynoldsii	"1(4), 2(8), 5(2), 12"	NA	NA	NA	NA	NA	NA	NA	NA	NA	NA	NA	NA	NA	NA
9018	Macginitiea gracilis	"2(2), 8, 12(2), 16, 50"	208.21	0.494	0.739	2.32	NA	NA	NA	NA	NA	NA	NA	NA	NA	NA
9019	Macginitiea wyomingensis	"2, 7(5)"	22.47	0.061	NA	NA	NA	NA	NA	NA	NA	NA	NA	NA	NA	NA
9020	Macginitiea gracilis	"2, 5, 8"	105.28	0.16	NA	NA	NA	NA	NA	NA	NA	NA	NA	NA	NA	NA
9021	Dombeya novi-mundi	"1, 2(13), 12"	134.45	0.191	0.039	NA	NA	NA	NA	NA	NA	NA	NA	NA	NA	NA
9024	Populus cinnamomoides	FFB	42.98	NA	NA	NA	NA	NA	NA	NA	NA	0.065	NA	NA	NA	NA
9027	Apeiba improvisa	"1(5), 2(2), 29(3), 32(3), 57, F, FFB"	NA	NA	NA	NA	NA	NA	NA	NA	NA	NA	NA	NA	NA	NA
9028	Apeiba improvisa	"12, FFB"	20.79	0.017	NA	NA	NA	NA	NA	NA	NA	0.124	NA	NA	NA	NA
9029	Dicot sp.WR032	"50, 145"	NA	NA	NA	NA	NA	NA	NA	NA	NA	NA	NA	NA	NA	NA
9030	Symplocos incondita	"2(2), 34, 83"	30.42	0.034	NA	NA	NA	NA	NA	NA	0.019	NA	NA	NA	NA	NA
9031	Dicot sp.WR007	30(9)	NA	NA	NA	NA	NA	NA	NA	NA	NA	NA	NA	NA	NA	NA
9032	Dicot sp.WR007	31(2)	NA	NA	NA	NA	NA	NA	NA	NA	NA	NA	NA	NA	NA	NA
9033	Dicot sp.WR007	"4, 13, FFB"	NA	NA	NA	NA	NA	NA	NA	NA	NA	NA	NA	NA	NA	NA
9035	Symplocos incondita	2(3)	NA	NA	NA	NA	NA	NA	NA	NA	NA	NA	NA	NA	NA	NA
9036	Dicot sp.WR007	"13, 14, FFB"	NA	NA	NA	NA	NA	NA	NA	NA	NA	NA	NA	NA	NA	NA
9039	Dicot sp.WR007	"8, 12"	41.08	0.017	0.049	NA	NA	NA	NA	NA	NA	NA	NA	NA	NA	NA
9052	Dicot sp.WR007	32(3)	8.2	NA	NA	NA	NA	NA	NA	NA	0.13	NA	NA	NA	NA	NA
9053	Populus cinnamomoides	2	NA	NA	NA	NA	NA	NA	NA	NA	NA	NA	NA	NA	NA	NA
9054	Dombeya novi-mundi	"32(4), 34(5)"	NA	NA	NA	NA	NA	NA	NA	NA	NA	NA	NA	NA	NA	NA
9056	Dicot sp.WR007	"12, 13"	9.32	NA	0.719	NA	NA	NA	NA	NA	NA	NA	NA	NA	NA	NA
9058	Dicot sp.WR033	3	NA	NA	NA	NA	NA	NA	NA	NA	NA	NA	NA	NA	NA	NA
9061	Dicot sp.WR027	"1, 13, 57(2)"	NA	NA	NA	NA	NA	NA	NA	NA	NA	NA	NA	NA	NA	NA
9062	Symplocos incondita	"2, 3(4), 4(2)"	12.32	0.313	NA	NA	NA	NA	NA	NA	NA	NA	NA	NA	NA	NA
9063	Dicot sp.WR007	"3, 4"	13.08	0.265	NA	NA	NA	NA	NA	NA	NA	NA	NA	NA	NA	NA
9066	Dicot sp.WR031	"2, 3"	NA	NA	NA	NA	NA	NA	NA	NA	NA	NA	NA	NA	NA	NA
9070	Macginitiea wyomingensis	2	40.372	0.049	NA	NA	NA	NA	NA	NA	NA	NA	NA	NA	NA	NA
9071	Macginitiea gracilis	"2, 8, 12, 29 (3)"	73.9	0.27	1.19	NA	0.042	NA	NA	NA	NA	NA	NA	NA	NA	NA
9072	Dicot sp.WR029	"2, 30(3), F"	NA	NA	NA	NA	NA	NA	NA	NA	NA	NA	NA	NA	NA	NA
9074	Dicot sp.WR033	3	NA	NA	NA	NA	NA	NA	NA	NA	NA	NA	NA	NA	NA	NA
10150	Dicot sp.WR007	12	15.22	NA	0.375	NA	NA	NA	NA	NA	NA	NA	NA	NA	NA	NA
10152	Dombeya novi-mundi	"2(2), F"	NA	NA	NA	NA	NA	NA	NA	NA	NA	NA	NA	NA	NA	NA
10154	Dicot sp.WR034	"2, 12"	7.273	0.012	0.167	NA	NA	NA	NA	NA	NA	NA	NA	NA	NA	NA
10156	Dicot sp.WR007	2	33.2	0.053	NA	NA	NA	NA	NA	NA	NA	NA	NA	NA	NA	NA
10157	Dicot sp.WR007	2(2)	45.79	0.047	NA	NA	NA	NA	NA	NA	NA	NA	NA	NA	NA	NA
10159	Apeiba improvisa	16	36.83	NA	NA	0.499	NA	NA	NA	NA	NA	NA	NA	NA	NA	NA
10161	Dicot sp.WR007	12	34.86	NA	1.34	NA	NA	NA	NA	NA	NA	NA	NA	NA	NA	NA
10162	Dombeya novi-mundi	"2(2), 25(2)"	67.2	0.045	NA	NA	0.132	NA	NA	NA	NA	NA	NA	NA	NA	NA
10163	Platanites raynoldsii	2(2)	NA	NA	NA	NA	NA	NA	NA	NA	NA	NA	NA	NA	NA	NA
10164	Dombeya novi-mundi	"2, 5, FFB"	NA	NA	NA	NA	NA	NA	NA	NA	NA	NA	NA	NA	NA	NA
10166	Apeiba improvisa	"2(2), 5, 12(2)"	14.22	0.163	0.195	NA	NA	NA	NA	NA	NA	NA	NA	NA	NA	NA
10167	Apeiba improvisa	"2(4), 3(2), 12(2), 46(13)"	29.58	1.161	NA	NA	NA	0.043	NA	NA	NA	NA	NA	NA	NA	NA
41867	Dicot sp.WR007	"12, 14"	14.4	NA	1.83	NA	NA	NA	NA	NA	NA	NA	NA	NA	NA	NA
41868	Dicot sp.WR031	"2(8), 3(3), 5(3), 12, FFB"	NA	NA	NA	NA	NA	NA	NA	NA	NA	NA	NA	NA	NA	NA
41869	Dicot sp.WR007	8(2)	50.26	NA	NA	NA	NA	NA	NA	NA	NA	NA	NA	NA	NA	NA
41873	Macginitiea gracilis	"2(2), 4"	NA	NA	NA	NA	NA	NA	NA	NA	NA	NA	NA	NA	NA	NA
41876	Juglandaceae sp.WR035	3(2)	NA	NA	NA	NA	NA	NA	NA	NA	NA	NA	NA	NA	NA	NA
41877	Dicot sp.WR029	"17, 33"	NA	NA	NA	NA	NA	NA	NA	NA	NA	NA	NA	NA	NA	NA
41878	Dicot sp.WR033	2	NA	NA	NA	NA	NA	NA	NA	NA	NA	NA	NA	NA	NA	NA
41880	Dicot sp.WR027	"1(2), 2(11), 36(4)"	NA	NA	NA	NA	NA	NA	NA	NA	NA	NA	NA	NA	NA	NA
41882	Dicot sp.WR029	"2, 5, 12(3)"	NA	NA	NA	NA	NA	NA	NA	NA	NA	NA	NA	NA	NA	NA
41886	Dicot sp.WR032	30(3)	NA	NA	NA	NA	NA	NA	NA	NA	NA	NA	NA	NA	NA	NA
41887	Populus cinnamomoides	"2(2), F, FFB"	34.14	0.06	NA	NA	NA	NA	NA	NA	NA	0.551	NA	NA	NA	NA
41889	Dicot sp.WR028	"2(8), 4, FFB"	53.38	0.771	NA	NA	NA	NA	NA	NA	NA	1.476	NA	NA	NA	NA
10160.1(drk)	Symplocos incondita	"2(2), 16(2), F"	15.36	0.01	NA	0.062	NA	NA	NA	NA	NA	1.53	NA	NA	NA	NA
10160.2(lght)	Symplocos incondita	"118(2), FFB"	18.84	NA	NA	NA	NA	0.037	NA	NA	NA	NA	NA	NA	NA	NA
5726(light)	Apeiba improvisa	"1(2), 3, 12(4), 29(60), FFB"	NA	NA	NA	NA	NA	NA	NA	NA	NA	NA	NA	NA	NA	NA
5726.1(dark)	Apeiba improvisa	"1(2), 16(4)"	74.46	0.007	NA	4.39	NA	NA	NA	NA	NA	NA	NA	NA	NA	NA
5739+7050	Apeiba improvisa	"2(2), 3, 12, 13, FFB"	33.82	0.022	1.02	NA	NA	NA	NA	NA	NA	0.02	NA	NA	NA	NA
5774.1(drk)	Dicot sp.WR028	12	34.52	NA	0.08	NA	NA	NA	NA	NA	NA	NA	NA	NA	NA	NA
5774.2(lght)	Dicot sp.WR028	"1, 32"	20.76	0.004	NA	NA	NA	NA	NA	NA	0.003	NA	NA	NA	NA	NA
5797.1(entire)	Populus cinnamomoides	"2, 5, 30"	27.29	0.074	NA	NA	0.208	NA	NA	NA	NA	NA	NA	NA	NA	NA
"5797.2(partial, p/cp)"	Populus cinnamomoides	"1, 2, F"	44.81	0.038	NA	NA	NA	NA	NA	NA	NA	0.328	NA	NA	NA	NA
5799.1(high)	Populus cinnamomoides	"1, 2, 17(4), 24(7), 29, FFB"	NA	NA	NA	NA	NA	NA	NA	NA	NA	NA	NA	NA	NA	NA
5799.2(low)	Populus cinnamomoides	"1, 2, 4, 16(3)"	NA	NA	NA	NA	NA	NA	NA	NA	NA	NA	NA	NA	NA	NA
5808.1(sm)	Populus cinnamomoides	"2, 17(4), FFB"	57.07	0.251	NA	NA	NA	NA	NA	NA	NA	0.12	NA	NA	NA	NA
5808.2(lg)	Populus cinnamomoides	"1, 2(2), 30, FFB"	110.25	0.068	NA	NA	0.521	NA	NA	NA	NA	0.565	NA	NA	NA	NA
5839+5825	Dicot sp.WR007	8	33.75	0.005	NA	NA	NA	NA	NA	NA	NA	NA	NA	NA	NA	NA
5870.1(lg)+7048	Platanites raynoldsii	2(2)	20.2	0.017	NA	NA	NA	NA	NA	NA	NA	NA	NA	NA	NA	NA
5870.2(sm)	Platanites raynoldsii	1(2)	10.42	0.011	NA	NA	NA	NA	NA	NA	NA	NA	NA	NA	NA	NA
5873+7036	Platanites raynoldsii	"1(2), 2(3)"	78.14	0.031	NA	NA	NA	NA	NA	NA	NA	NA	NA	NA	NA	NA
5877.1(lg)	Platanites raynoldsii	13	30.62	NA	0.687	NA	NA	NA	NA	NA	NA	NA	NA	NA	NA	NA
5888+5944	Macginitiea gracilis	2(5)	55.46	0.115	NA	NA	NA	NA	NA	NA	NA	NA	NA	NA	NA	NA
5983+5955	Dicot sp.WR029	3	73.32	0.012	NA	NA	NA	NA	NA	NA	NA	NA	NA	NA	NA	NA
7036.1(wide)	Platanites raynoldsii	32(2)	80.24	NA	NA	NA	NA	NA	NA	NA	0.009	NA	NA	NA	NA	NA
7040.1(lg)	Dicot sp.WR007	"2, FFB"	10.69	NA	NA	NA	NA	NA	NA	NA	NA	0.003	NA	NA	NA	NA
7924+5767	Apeiba improvisa	"1, 3, 5, 7"	29.09	0.613	NA	NA	NA	NA	NA	NA	NA	NA	NA	NA	NA	NA
7932+7028.1(lg)	Dicot sp.WR029	"12, 32(11)"	57.62	NA	0.669	NA	NA	NA	NA	NA	0.105	NA	NA	NA	NA	NA
7932+7028.2(sm)	Dicot sp.WR007	"2(11) , 4(3), 5(5), 12(4), 14"	31.75	3.51	3.53	NA	NA	NA	NA	NA	NA	NA	NA	NA	NA	NA
7937.2(pinnate)	Apeiba improvisa	"13, FFB"	51.63	NA	3.01	NA	NA	NA	NA	NA	NA	0.138	NA	NA	NA	NA
7947+7952	Symplocos incondita	"2(2), 13, 30, 31"	15.39	0.02	0.441	NA	0.258	NA	NA	NA	NA	NA	NA	NA	NA	NA
7965+7962	Dicot sp.WR028	"1(10), 12, FFB"	39.28	0.057	0.826	NA	NA	NA	NA	NA	NA	0.052	NA	NA	NA	NA
7975.1(lg)	Dicot sp.WR028	"2(3), 12, 31"	48.51	0.053	0.552	NA	0.008	NA	NA	NA	NA	NA	NA	NA	NA	NA
7975.3(sm)	Dicot sp.WR028	"2(7), 12"	17.91	0.093	0.261	NA	NA	NA	NA	NA	NA	NA	NA	NA	NA	NA
7977+7923	Dicot sp.WR029	"2, 30(2)"	78.03	0.017	NA	NA	0.165	NA	NA	NA	NA	NA	NA	NA	NA	NA
7978.1(lg)	Dicot sp.WR031	"2(11), 5, 8(2), 12"	166.3	5.59	2.9	NA	NA	NA	NA	NA	NA	NA	NA	NA	NA	NA
7978.2(lght)	Symplocos incondita	"2(3), 8, 12(2), 32(15)"	45.07	0.285	0.671	NA	NA	NA	NA	NA	0.075	NA	NA	NA	NA	NA
8011.1(lg)+8150	Macginitiea gracilis	"2(6), 50"	110.62	0.376	NA	NA	NA	NA	NA	NA	NA	NA	NA	NA	NA	NA
8041.1 (lg)	Macginitiea gracilis	"1(3), 2(2)"	114.96	0.046	NA	NA	NA	NA	NA	NA	NA	NA	NA	NA	NA	NA
8041.2 (m)	Macginitiea gracilis	1	80.02	0.012	NA	NA	NA	NA	NA	NA	NA	NA	NA	NA	NA	NA
8046+8014	Dicot sp.WR028	"2, 12"	56.52	0.035	0.91	NA	NA	NA	NA	NA	NA	NA	NA	NA	NA	NA
8063.1(full)	Dicot sp.WR007	"2(2), 29"	27.21	0.032	NA	NA	0.05	NA	NA	NA	NA	NA	NA	NA	NA	NA
8063.2(dark)	Dicot sp.WR007	"34(5), FFB"	NA	NA	NA	NA	NA	NA	NA	NA	NA	NA	NA	NA	NA	NA
8063.3(lg)	Dicot sp.WR007	"1, 30, FFB"	NA	NA	NA	NA	NA	NA	NA	NA	NA	NA	NA	NA	NA	NA
8063.4(med)	Dicot sp.WR007	2(2)	14.38	0.029	NA	NA	NA	NA	NA	NA	NA	NA	NA	NA	NA	NA
8067.1(lght)	Dicot sp.WR007	"2, 32(11), FFB"	33.99	0.021	NA	NA	NA	NA	NA	NA	0.033	0.015	NA	NA	NA	NA
8071.1(has petiole)	Populus cinnamomoides	2(2)	53.04	0.062	NA	NA	NA	NA	NA	NA	NA	NA	NA	NA	NA	NA
8087.2(lght)	Dicot sp.WR033	"2(2), 12, 29"	30.05	0.016	0.018	NA	0.059	NA	NA	NA	NA	NA	NA	NA	NA	NA
8088.1(dark)	Symplocos incondita	"12(2), F, FFB"	19.82	NA	0.406	NA	NA	NA	NA	NA	NA	0.37	NA	NA	NA	NA
8122+8171	Juglandaceae sp.WR035	30(2)	NA	NA	NA	NA	NA	NA	NA	NA	NA	NA	NA	NA	NA	NA
8123+8354	Apeiba improvisa	2(2)	40.38	0.019	NA	NA	NA	NA	NA	NA	NA	NA	NA	NA	NA	NA
8132.1 (lg)	Macginitiea gracilis	"1(4), 2(2), 3(2), 7, 12"	135.52	0.681	0.014	NA	NA	NA	NA	NA	NA	NA	NA	NA	NA	NA
8142.1+8037.1(full)	Symplocos incondita	"32(4), F"	21.47	NA	NA	NA	NA	NA	NA	NA	0.032	0.177	NA	NA	NA	NA
8142.2+8037.2(part)	Symplocos incondita	"12(3), 31(2), F"	26.12	NA	1.165	NA	0.068	NA	NA	NA	NA	NA	NA	NA	NA	NA
8151.3(entire)	Symplocos incondita	"3, F"	24.64	0.058	NA	NA	NA	NA	NA	NA	NA	0.123	NA	NA	NA	NA
8160+8322	Dicot sp.WR033	"2(8), 14"	5.63	0.036	1.06	NA	NA	NA	NA	NA	NA	NA	NA	NA	NA	NA
8161.1(drk)	Dicot sp.WR033	"12, 13, 29(3)"	9.19	NA	0.212	NA	0.006	NA	NA	NA	NA	NA	NA	NA	NA	NA
8161.2(lght)	Dicot sp.WR007	12	9.224	NA	0.006	NA	NA	NA	NA	NA	NA	NA	NA	NA	NA	NA
8165+8083	Dombeya novi-mundi	"2(4), 63(2)"	163.12	5.709	NA	NA	NA	NA	NA	NA	NA	NA	NA	NA	NA	NA
8174+8615	Dicot sp.WR007	"2, 12, 13"	21.19	0.022	0.365	NA	NA	NA	NA	NA	NA	NA	NA	NA	NA	NA
8178.1(lg)	Dicot sp.WR007	"2(8), 4, 12"	21.96	0.202	0.298	NA	NA	NA	NA	NA	NA	NA	NA	NA	NA	NA
8178.2(sm)	Dicot sp.WR007	"2, 4, 12, 46(6)"	10.63	0.112	0.556	NA	NA	0.003	NA	NA	NA	NA	NA	NA	NA	NA
8183.1(lg)	Dicot sp.WR007	"1, 2(22), 3"	31.19	0.17	NA	NA	NA	NA	NA	NA	NA	NA	NA	NA	NA	NA
8186+8119	Dicot sp.WR007	"3(5), 5, 13"	23.806	1.1	1.3	NA	NA	NA	NA	NA	NA	NA	NA	NA	NA	NA
8189.1(lg)	Apeiba improvisa	29(2)	25.66	NA	NA	NA	0.043	NA	NA	NA	NA	NA	NA	NA	NA	NA
8205.1(lg)	Macginitiea wyomingensis	2(2)	64.35	0.123	NA	NA	NA	NA	NA	NA	NA	NA	NA	NA	NA	NA
8313+8118	Dicot sp.WR028	"31(2), 43(2), F"	29.84	NA	NA	NA	0.151	NA	NA	0.203	NA	NA	NA	NA	NA	NA
8338.1(drk)	Dicot sp.WR007	"2, 8"	16.05	0.08	NA	NA	NA	NA	NA	NA	NA	NA	NA	NA	NA	NA
8338.2(lght)	Dicot sp.WR007	"8, 12, FFB"	NA	NA	NA	NA	NA	NA	NA	NA	NA	NA	NA	NA	NA	NA
8343+8101	Dicot sp.WR033	30	7.896	NA	NA	NA	0.014	NA	NA	NA	NA	NA	NA	NA	NA	NA
8364.1(lg)	Juglandaceae sp.WR035	2	41.32	0.012	NA	NA	NA	NA	NA	NA	NA	NA	NA	NA	NA	NA
8383+8384	Dicot sp.WR007	"12, FFB"	41.68	NA	0.168	NA	NA	NA	NA	NA	NA	0.0149	NA	NA	NA	NA
8389.1(lg)	Macginitiea gracilis	"1(26),2(33),4(4),5,7(11),50(4),57"	NA	NA	NA	NA	NA	NA	NA	NA	NA	NA	NA	NA	NA	NA
8389.2(sm)	Macginitiea wyomingensis	13(2)	NA	NA	NA	NA	NA	NA	NA	NA	NA	NA	NA	NA	NA	NA
8641+8388	Macginitiea wyomingensis	"2, 8, 16"	57.17	0.255	NA	0.233	NA	NA	NA	NA	NA	NA	NA	NA	NA	NA
8849+7046	Populus cinnamomoides	"1(13), 2(46), 3, 5, 8, F"	57.46	0.757	NA	NA	NA	NA	NA	NA	NA	0.007	NA	NA	NA	NA
9017+9038	Dicot sp.WR007	"57, F"	53.67	0.254	NA	NA	NA	NA	NA	NA	NA	1.11	NA	NA	NA	NA
9022(lg)	Populus cinnamomoides	"2(6), 8, F"	79.43	0.1	NA	NA	NA	NA	NA	NA	NA	0.129	NA	NA	NA	NA
9022.2(sm)	Macginitiea gracilis	"2(5), 4, 12, 63"	53.24	1.607	NA	NA	NA	NA	NA	NA	NA	NA	NA	NA	NA	NA
9549.1(lg)	Dombeya novi-mundi	"2, 57"	NA	NA	NA	NA	NA	NA	NA	NA	NA	NA	NA	NA	NA	NA
8151.1(lg)	Macginitiea wyomingensis		42.36	NA	NA	NA	NA	NA	NA	NA	NA	NA	NA	NA	NA	NA
8060	Macginitiea wyomingensis		6.209	NA	NA	NA	NA	NA	NA	NA	NA	NA	NA	NA	NA	NA
8642.2(sm)	Macginitiea wyomingensis		NA	NA	NA	NA	NA	NA	NA	NA	NA	NA	NA	NA	NA	NA
5884	Macginitiea gracilis		39.74	NA	NA	NA	NA	NA	NA	NA	NA	NA	NA	NA	NA	NA
8639	Macginitiea gracilis		48.52	NA	NA	NA	NA	NA	NA	NA	NA	NA	NA	NA	NA	NA
6321	Macginitiea gracilis		NA	NA	NA	NA	NA	NA	NA	NA	NA	NA	NA	NA	NA	NA
8642.1 (lg)	Macginitiea gracilis		NA	NA	NA	NA	NA	NA	NA	NA	NA	NA	NA	NA	NA	NA
6325	Macginitiea gracilis		NA	NA	NA	NA	NA	NA	NA	NA	NA	NA	NA	NA	NA	NA
5947	Macginitiea gracilis		112.47	NA	NA	NA	NA	NA	NA	NA	NA	NA	NA	NA	NA	NA
8390	Macginitiea gracilis		NA	NA	NA	NA	NA	NA	NA	NA	NA	NA	NA	NA	NA	NA
5946	Macginitiea gracilis		37.69	NA	NA	NA	NA	NA	NA	NA	NA	NA	NA	NA	NA	NA
5991	Macginitiea gracilis		NA	NA	NA	NA	NA	NA	NA	NA	NA	NA	NA	NA	NA	NA
8189.2(sm)	Apeiba improvisa		16.57	NA	NA	NA	NA	NA	NA	NA	NA	NA	NA	NA	NA	NA
8105	Apeiba improvisa		NA	NA	NA	NA	NA	NA	NA	NA	NA	NA	NA	NA	NA	NA
8073	Apeiba improvisa		15.07	NA	NA	NA	NA	NA	NA	NA	NA	NA	NA	NA	NA	NA
9059+9064	Apeiba improvisa		4.79	NA	NA	NA	NA	NA	NA	NA	NA	NA	NA	NA	NA	NA
7990	Apeiba improvisa		NA	NA	NA	NA	NA	NA	NA	NA	NA	NA	NA	NA	NA	NA
8848	Apeiba improvisa		12.86	NA	NA	NA	NA	NA	NA	NA	NA	NA	NA	NA	NA	NA
8086	Apeiba improvisa		13.55	NA	NA	NA	NA	NA	NA	NA	NA	NA	NA	NA	NA	NA
8638	Platanites raynoldsii		42.94	NA	NA	NA	NA	NA	NA	NA	NA	NA	NA	NA	NA	NA
5872	Platanites raynoldsii		6.06	NA	NA	NA	NA	NA	NA	NA	NA	NA	NA	NA	NA	NA
5877.2(sm)	Platanites raynoldsii		19.57	NA	NA	NA	NA	NA	NA	NA	NA	NA	NA	NA	NA	NA
8630+8149	Dicot sp.WR007		25.47	NA	NA	NA	NA	NA	NA	NA	NA	NA	NA	NA	NA	NA
8183.2(sm)	Dicot sp.WR007		17.53	NA	NA	NA	NA	NA	NA	NA	NA	NA	NA	NA	NA	NA
8052	Dicot sp.WR007		30.96	NA	NA	NA	NA	NA	NA	NA	NA	NA	NA	NA	NA	NA
8069	Dicot sp.WR007		20.53	NA	NA	NA	NA	NA	NA	NA	NA	NA	NA	NA	NA	NA
8372+8194	Dicot sp.WR007		14.27	NA	NA	NA	NA	NA	NA	NA	NA	NA	NA	NA	NA	NA
8067.2(drk)	Dicot sp.WR007		29.25	NA	NA	NA	NA	NA	NA	NA	NA	NA	NA	NA	NA	NA
9067	Dicot sp.WR007		11.64	NA	NA	NA	NA	NA	NA	NA	NA	NA	NA	NA	NA	NA
8375	Dicot sp.WR007		15.93	NA	NA	NA	NA	NA	NA	NA	NA	NA	NA	NA	NA	NA
8075	Dicot sp.WR007		3.64	NA	NA	NA	NA	NA	NA	NA	NA	NA	NA	NA	NA	NA
8063.5(sm)	Dicot sp.WR007		12.254	NA	NA	NA	NA	NA	NA	NA	NA	NA	NA	NA	NA	NA
7040.2(sm)	Dicot sp.WR007		NA	NA	NA	NA	NA	NA	NA	NA	NA	NA	NA	NA	NA	NA
7994	Dicot sp.WR007		24.04	NA	NA	NA	NA	NA	NA	NA	NA	NA	NA	NA	NA	NA
8172	Dicot sp.WR007		34.22	NA	NA	NA	NA	NA	NA	NA	NA	NA	NA	NA	NA	NA
8163.1(lg)	Dicot sp.WR007		NA	NA	NA	NA	NA	NA	NA	NA	NA	NA	NA	NA	NA	NA
8620+8628	Dicot sp.WR007		NA	NA	NA	NA	NA	NA	NA	NA	NA	NA	NA	NA	NA	NA
5822	Dicot sp.WR007		7.29	NA	NA	NA	NA	NA	NA	NA	NA	NA	NA	NA	NA	NA
8382	Dicot sp.WR007		9.98	NA	NA	NA	NA	NA	NA	NA	NA	NA	NA	NA	NA	NA
8185	Dicot sp.WR007		14.62	NA	NA	NA	NA	NA	NA	NA	NA	NA	NA	NA	NA	NA
8381	Dicot sp.WR007		8.07	NA	NA	NA	NA	NA	NA	NA	NA	NA	NA	NA	NA	NA
8367	Dicot sp.WR007		8.31	NA	NA	NA	NA	NA	NA	NA	NA	NA	NA	NA	NA	NA
5828	Dicot sp.WR007		NA	NA	NA	NA	NA	NA	NA	NA	NA	NA	NA	NA	NA	NA
8157	Dicot sp.WR007		10.77	NA	NA	NA	NA	NA	NA	NA	NA	NA	NA	NA	NA	NA
9549.2(lwr haf)	Dicot sp.WR028		NA	NA	NA	NA	NA	NA	NA	NA	NA	NA	NA	NA	NA	NA
5783	Dicot sp.WR028		27.8	NA	NA	NA	NA	NA	NA	NA	NA	NA	NA	NA	NA	NA
9037	Dicot sp.WR028		76.93	NA	NA	NA	NA	NA	NA	NA	NA	NA	NA	NA	NA	NA
8329	Dicot sp.WR028		11.9	NA	NA	NA	NA	NA	NA	NA	NA	NA	NA	NA	NA	NA
5974	Dicot sp.WR028		45.4	NA	NA	NA	NA	NA	NA	NA	NA	NA	NA	NA	NA	NA
5753	Dicot sp.WR028		30.32	NA	NA	NA	NA	NA	NA	NA	NA	NA	NA	NA	NA	NA
8107	Dicot sp.WR028		40.47	NA	NA	NA	NA	NA	NA	NA	NA	NA	NA	NA	NA	NA
8331+8635	Dicot sp.WR028		6.95	NA	NA	NA	NA	NA	NA	NA	NA	NA	NA	NA	NA	NA
8140	Dicot sp.WR028		37.59	NA	NA	NA	NA	NA	NA	NA	NA	NA	NA	NA	NA	NA
5748	Dicot sp.WR028		43.45	NA	NA	NA	NA	NA	NA	NA	NA	NA	NA	NA	NA	NA
5787	Dicot sp.WR028		19.39	NA	NA	NA	NA	NA	NA	NA	NA	NA	NA	NA	NA	NA
5752	Dicot sp.WR028		62.396	NA	NA	NA	NA	NA	NA	NA	NA	NA	NA	NA	NA	NA
8646	Dicot sp.WR028		24.98	NA	NA	NA	NA	NA	NA	NA	NA	NA	NA	NA	NA	NA
5761	Dicot sp.WR028		40.15	NA	NA	NA	NA	NA	NA	NA	NA	NA	NA	NA	NA	NA
7958	Dicot sp.WR028		26.05	NA	NA	NA	NA	NA	NA	NA	NA	NA	NA	NA	NA	NA
5728	Dicot sp.WR028		29.21	NA	NA	NA	NA	NA	NA	NA	NA	NA	NA	NA	NA	NA
8326	Dicot sp.WR028		14.93	NA	NA	NA	NA	NA	NA	NA	NA	NA	NA	NA	NA	NA
5727.1(lg)	Dicot sp.WR028		66.33	NA	NA	NA	NA	NA	NA	NA	NA	NA	NA	NA	NA	NA
5854	Populus cinnamomoides		15.99	NA	NA	NA	NA	NA	NA	NA	NA	NA	NA	NA	NA	NA
5860	Populus cinnamomoides		32.06	NA	NA	NA	NA	NA	NA	NA	NA	NA	NA	NA	NA	NA
8082	Populus cinnamomoides		20.1	NA	NA	NA	NA	NA	NA	NA	NA	NA	NA	NA	NA	NA
5842	Populus cinnamomoides		40.19	NA	NA	NA	NA	NA	NA	NA	NA	NA	NA	NA	NA	NA
5855	Populus cinnamomoides		32.95	NA	NA	NA	NA	NA	NA	NA	NA	NA	NA	NA	NA	NA
5867	Populus cinnamomoides		33.32	NA	NA	NA	NA	NA	NA	NA	NA	NA	NA	NA	NA	NA
5850	Populus cinnamomoides		40.43	NA	NA	NA	NA	NA	NA	NA	NA	NA	NA	NA	NA	NA
7035	Populus cinnamomoides		15.48	NA	NA	NA	NA	NA	NA	NA	NA	NA	NA	NA	NA	NA
5857	Populus cinnamomoides		33.296	NA	NA	NA	NA	NA	NA	NA	NA	NA	NA	NA	NA	NA
7963	Populus cinnamomoides		36.66	NA	NA	NA	NA	NA	NA	NA	NA	NA	NA	NA	NA	NA
8175	Populus cinnamomoides		NA	NA	NA	NA	NA	NA	NA	NA	NA	NA	NA	NA	NA	NA
7922	Dicot sp.WR034		10.23	NA	NA	NA	NA	NA	NA	NA	NA	NA	NA	NA	NA	NA
8151.2(covered)	Symplocos incondita		20.41	NA	NA	NA	NA	NA	NA	NA	NA	NA	NA	NA	NA	NA
41883+41885	Symplocos incondita		11.37	NA	NA	NA	NA	NA	NA	NA	NA	NA	NA	NA	NA	NA
7951	Symplocos incondita		2.47	NA	NA	NA	NA	NA	NA	NA	NA	NA	NA	NA	NA	NA
7950	Symplocos incondita		13.8	NA	NA	NA	NA	NA	NA	NA	NA	NA	NA	NA	NA	NA
7945	Symplocos incondita		12	NA	NA	NA	NA	NA	NA	NA	NA	NA	NA	NA	NA	NA
7954	Symplocos incondita		2.65	NA	NA	NA	NA	NA	NA	NA	NA	NA	NA	NA	NA	NA
1	Dicot sp.WR007	0	NA	NA	NA	NA	NA	NA	NA	NA	NA	NA	NA	NA	NA	NA
3a	Dicot sp.WR007	"2, 14, 30, 46(3)"	20	0.005	2.38	NA	0.296	0.01	NA	NA	NA	NA	NA	NA	NA	NA
3	Macginitiea wyomingensis	"1, 2, 13"	128.34	NA	NA	NA	NA	NA	NA	NA	NA	NA	NA	NA	NA	NA
4	Populus cinnamomoides	0	15.91	0.108	2.2	NA	NA	NA	NA	NA	NA	NA	NA	NA	NA	NA
5	UNID		NA	NA	NA	NA	NA	NA	NA	NA	NA	NA	NA	NA	NA	NA
6	Dicot sp.WR032	0	NA	NA	NA	NA	NA	NA	NA	NA	NA	NA	NA	NA	NA	NA
6a	Dicot sp.WR032	0	NA	NA	NA	NA	NA	NA	NA	NA	NA	NA	NA	NA	NA	NA
7	Juglandaceae sp.WR035	"1(6), 2(10)"	52.3	0.258	NA	NA	NA	NA	NA	NA	NA	NA	NA	NA	NA	NA
8	Populus cinnamomoides	32	18.69	NA	NA	NA	NA	NA	NA	NA	0.003	NA	NA	NA	NA	NA
8a	Populus cinnamomoides	0	60.992	NA	NA	NA	NA	NA	NA	NA	NA	NA	NA	NA	NA	NA
9	Dicot sp.WR033	"12, 29"	NA	NA	NA	NA	NA	NA	NA	NA	NA	NA	NA	NA	NA	NA
10	Platanites raynoldsii	2(3)	61.694	0.135	NA	NA	NA	NA	NA	NA	NA	NA	NA	NA	NA	NA
11	Populus cinnamomoides	0	6.13	NA	NA	NA	NA	NA	NA	NA	NA	NA	NA	NA	NA	NA
12	Populus cinnamomoides	0	20.476	NA	NA	NA	NA	NA	NA	NA	NA	NA	NA	NA	NA	NA
13	Dicot sp.WR033	"1(2), 13"	13.564	0.025	0.388	NA	NA	NA	NA	NA	NA	NA	NA	NA	NA	NA
14	UNID		NA	NA	NA	NA	NA	NA	NA	NA	NA	NA	NA	NA	NA	NA
15	Dicot sp.WR027	F	19.552	NA	NA	NA	NA	NA	NA	NA	NA	2.75	NA	NA	NA	NA
16	Dicot sp.WR028	"1(2), 2(2)"	16.114	0.03	NA	NA	NA	NA	NA	NA	NA	NA	NA	NA	NA	NA
17	Juglandaceae sp.WR035	F	12.54	NA	NA	NA	NA	NA	NA	NA	NA	0.346	NA	NA	NA	NA
18	UNID	0	NA	NA	NA	NA	NA	NA	NA	NA	NA	NA	NA	NA	NA	NA
19a	Populus cinnamomoides	0	NA	NA	NA	NA	NA	NA	NA	NA	NA	NA	NA	NA	NA	NA
20	Macginitiea gracilis	0	NA	NA	NA	NA	NA	NA	NA	NA	NA	NA	NA	NA	NA	NA
22	UNID	16(2)	NA	NA	NA	NA	NA	NA	NA	NA	NA	NA	NA	NA	NA	NA
24	UNID		NA	NA	NA	NA	NA	NA	NA	NA	NA	NA	NA	NA	NA	NA
26	UNID		NA	NA	NA	NA	NA	NA	NA	NA	NA	NA	NA	NA	NA	NA
27	UNID		NA	NA	NA	NA	NA	NA	NA	NA	NA	NA	NA	NA	NA	NA
30	Dicot sp.WR028	F	6.454	NA	NA	NA	NA	NA	NA	NA	NA	0.131	NA	NA	NA	NA
30a	UNID		NA	NA	NA	NA	NA	NA	NA	NA	NA	NA	NA	NA	NA	NA
30b	Dicot sp.WR007	"3, 12(3), 15, 45"	11.224	0.096	0.85	NA	NA	NA	NA	0.759	NA	NA	NA	NA	NA	NA
32	UNID		NA	NA	NA	NA	NA	NA	NA	NA	NA	NA	NA	NA	NA	NA
33	Dombeya novi-mundi	"1(9), 3(2)"	100.28	1.003	NA	NA	NA	NA	NA	NA	NA	NA	NA	NA	NA	NA
34	Apeiba improvisa	"3, 29"	35.012	0.131	NA	NA	0.021	NA	NA	NA	NA	NA	NA	NA	NA	NA
35	UNID		NA	NA	NA	NA	NA	NA	NA	NA	NA	NA	NA	NA	NA	NA
36	Dicot sp.WR030	0	NA	NA	NA	NA	NA	NA	NA	NA	NA	NA	NA	NA	NA	NA
37	Dicot sp.WR030	0	NA	NA	NA	NA	NA	NA	NA	NA	NA	NA	NA	NA	NA	NA
38	Dicot sp.WR028	"1, 2(2)"	86.52	0.163	NA	NA	NA	NA	NA	NA	NA	NA	NA	NA	NA	NA
39	UNID		NA	NA	NA	NA	NA	NA	NA	NA	NA	NA	NA	NA	NA	NA
40	Symplocos incondita	"76, F"	25.508	NA	NA	NA	NA	NA	0.048	NA	NA	5.927	NA	NA	NA	NA
41	Populus cinnamomoides	"29(3), 32(3)"	12.905	NA	NA	NA	0.033	NA	NA	NA	0.003	NA	NA	NA	NA	NA
42	UNID		NA	NA	NA	NA	NA	NA	NA	NA	NA	NA	NA	NA	NA	NA
43	UNID		NA	NA	NA	NA	NA	NA	NA	NA	NA	NA	NA	NA	NA	NA
44	Dicot sp.WR031	"2(2), 16"	22.726	0.013	NA	0.929	NA	NA	NA	NA	NA	NA	NA	NA	NA	NA
45	Dicot sp.WR028	"2(4), 3, F"	9.534	0.069	NA	NA	NA	NA	NA	NA	NA	0.134	NA	NA	NA	NA
46	Dicot sp.WR029	2	NA	NA	NA	NA	NA	NA	NA	NA	NA	NA	NA	NA	NA	NA
47	Apeiba improvisa	"2(2), 8(2) "	NA	NA	NA	NA	NA	NA	NA	NA	NA	NA	NA	NA	NA	NA
48	Populus cinnamomoides	0	NA	NA	NA	NA	NA	NA	NA	NA	NA	NA	NA	NA	NA	NA
49	Dicot sp.WR033	0	24.513	NA	NA	NA	NA	NA	NA	NA	NA	NA	NA	NA	NA	NA
50	Dicot sp.WR007	F	7.276	NA	NA	NA	NA	NA	NA	NA	NA	1.576	NA	NA	NA	NA
51	Populus cinnamomoides	"16(3), F"	41.468	NA	NA	0.205	NA	NA	NA	NA	NA	1.452	NA	NA	NA	NA
53	seed		NA	NA	NA	NA	NA	NA	NA	NA	NA	NA	NA	NA	NA	NA
54	Dicot sp.WR007	"1(3), 4, 5(2), 25, 40, F"	NA	NA	NA	NA	NA	NA	NA	NA	NA	NA	NA	NA	NA	NA
55	UNID		NA	NA	NA	NA	NA	NA	NA	NA	NA	NA	NA	NA	NA	NA
56	Dicot sp.WR007	0	NA	NA	NA	NA	NA	NA	NA	NA	NA	NA	NA	NA	NA	NA
57	Dicot sp.WR007	"2(3), 17(2)"	NA	NA	NA	NA	NA	NA	NA	NA	NA	NA	NA	NA	NA	NA
58	Dicot sp.WR007	0	32.245	NA	NA	NA	NA	NA	NA	NA	NA	NA	NA	NA	NA	NA
59	UNID		NA	NA	NA	NA	NA	NA	NA	NA	NA	NA	NA	NA	NA	NA
66	Populus cinnamomoides	"2, 14, 32, F"	74.228	0.094	7.319	NA	NA	NA	NA	NA	0.012	7.078	NA	NA	NA	NA
67	UNID		NA	NA	NA	NA	NA	NA	NA	NA	NA	NA	NA	NA	NA	NA
68	UNID		NA	NA	NA	NA	NA	NA	NA	NA	NA	NA	NA	NA	NA	NA
69	UNID		NA	NA	NA	NA	NA	NA	NA	NA	NA	NA	NA	NA	NA	NA
70	Populus cinnamomoides	0	13.11	NA	NA	NA	NA	NA	NA	NA	NA	NA	NA	NA	NA	NA
71	Dicot sp.WR029	"1(2), 63"	28.759	0.125	NA	NA	NA	NA	NA	NA	NA	NA	NA	NA	NA	NA
72	Dicot sp.WR028	"1, 3(3), 5"	93.528	1.896	NA	NA	NA	NA	NA	NA	NA	NA	NA	NA	NA	NA
73	UNID		NA	NA	NA	NA	NA	NA	NA	NA	NA	NA	NA	NA	NA	NA
74	Populus cinnamomoides	"14, F"	NA	NA	NA	NA	NA	NA	NA	NA	NA	NA	NA	NA	NA	NA
75	UNID		NA	NA	NA	NA	NA	NA	NA	NA	NA	NA	NA	NA	NA	NA
76	UNID		NA	NA	NA	NA	NA	NA	NA	NA	NA	NA	NA	NA	NA	NA
77	UNID		NA	NA	NA	NA	NA	NA	NA	NA	NA	NA	NA	NA	NA	NA
78	Populus cinnamomoides	0	15.127	NA	NA	NA	NA	NA	NA	NA	NA	NA	NA	NA	NA	NA
79	Rhus sp.	"2(2), 16"	17.241	0.09	NA	0.395	NA	NA	NA	NA	NA	NA	NA	NA	NA	NA
80	UNID		NA	NA	NA	NA	NA	NA	NA	NA	NA	NA	NA	NA	NA	NA
81	Populus cinnamomoides	"3(3), 11, 34, F"	31.211	0.067	NA	NA	NA	NA	NA	NA	0.645	NA	NA	NA	NA	NA
82	UNID		NA	NA	NA	NA	NA	NA	NA	NA	NA	NA	NA	NA	NA	NA
83	Dicot sp.WR029	F	8.713	NA	NA	NA	NA	NA	NA	NA	NA	0.164	NA	NA	NA	NA
84	Dicot sp.WR032	"2(2), 3, 12, F"	18.687	0.114	0.118	NA	NA	NA	NA	NA	NA	4.109	NA	NA	NA	NA
87	Dicot sp.WR032	"2(8), 3, 4(2), 5(2), 12, F"	51.337	2.516	0.084	NA	NA	NA	NA	NA	NA	0.186	NA	NA	NA	NA
88	Dicot sp.WR028	"2(5), 3(9), 16(2)"	NA	NA	NA	NA	NA	NA	NA	NA	NA	NA	NA	NA	NA	NA
89	Symplocos incondita	2	NA	NA	NA	NA	NA	NA	NA	NA	NA	NA	NA	NA	NA	NA
90	UNID		NA	NA	NA	NA	NA	NA	NA	NA	NA	NA	NA	NA	NA	NA
91	UNID		NA	NA	NA	NA	NA	NA	NA	NA	NA	NA	NA	NA	NA	NA
92	Dicot sp.WR028	3	7.648	0.014	NA	NA	NA	NA	NA	NA	NA	NA	NA	NA	NA	NA
93	UNID		NA	NA	NA	NA	NA	NA	NA	NA	NA	NA	NA	NA	NA	NA
94	UNID		NA	NA	NA	NA	NA	NA	NA	NA	NA	NA	NA	NA	NA	NA
95	UNID		NA	NA	NA	NA	NA	NA	NA	NA	NA	NA	NA	NA	NA	NA